id,name,city,adds
1,Aarav,Mumbai,MG Road
2,Vivaan,Delhi,Nehru Place
3,Aditya,Patna,Gandhi Road
4,Arjun,Bengaluru,MG Road
5,Rohan,Kolkata,Park Street
6,Kabir,Pune,FC Road
7,Reyansh,Ahmedabad,CG Road
8,Ananya,Jaipur,MI Road
9,Aadhya,Lucknow,Hazratganj
10,Diya,Hyderabad,Banjara Hills
11,Ishaan,Chennai,Anna Salai
12,Vihaan,Bhopal,MP Nagar
13,Saanvi,Surat,Ring Road
14,Myra,Nagpur,Sitabuldi
15,Aryan,Ranchi,Main Road
16,Anika,Bhubaneswar,Janpath Road
17,Krishna,Chandigarh,Sector 17
18,Pari,Amritsar,Mall Road
19,Advait,Dehradun,Rajpur Road
20,Kiara,Agra,Fatehabad Road
21,Arnav,Varanasi,Lanka Road
22,Riya,Gaya,Station Road
23,Atharv,Jamshedpur,Sakchi Road
24,Meera,Kanpur,Mall Road
25,Dhruv,Noida,Sector 18
26,Ira,Gurgaon,MG Road
27,Rudra,Mysore,Main Road
28,Tara,Kochi,MG Road
29,Ayansh,Coimbatore,Avinashi Road
30,Avni,Nashik,College Road
31,Yuvaan,Indore,Vijay Nagar
32,Navya,Raipur,GE Road
33,Shivansh,Ajmer,Pushkar Road
34,Shanaya,Mathura,Krishna Nagar
35,Veer,Aligarh,Ramghat Road
36,Samaira,Madurai,KK Nagar
37,Anvi,Vadodara,Alkapuri Road
38,Kiaan,Meerut,Garh Road
39,Prisha,Patiala,Mall Road
40,Manav,Shimla,Mall Road
41,Ishita,Haridwar,Jwalapur Road
42,Dev,Muzaffarpur,Club Road
43,Nisha,Bhagalpur,Tilkamanjhi
44,Harsh,Darbhanga,Laheriasarai
45,Priya,Purnia,Line Bazar
46,Raj,Katihar,Station Road
47,Neha,Siliguri,Sevoke Road
48,Kunal,Guwahati,GS Road
49,Pooja,Bengaluru,Indiranagar
50,Abhishek,Mumbai,Andheri Road
51,Simran,Delhi,Lajpat Nagar
52,Rahul,Patna,Boring Road
53,Sneha,Pune,Kothrud Road
54,Aman,Kolkata,Salt Lake
55,Kavya,Ahmedabad,Satellite Rd
56,Rishabh,Jaipur,Tonk Road
57,Muskan,Lucknow,Gomti Nagar
58,Ayush,Hyderabad,Madhapur
59,Shreya,Chennai,T Nagar
60,Ankit,Bhopal,Arera Colony
61,Palak,Surat,Adajan Road
62,Varun,Nagpur,Wardha Road
63,Komal,Ranchi,Harmu Road
64,Sachin,Bhubaneswar,Saheed Nagar
65,Neha,Chandigarh,Sector 22
66,Rajiv,Amritsar,Ranjit Avenue
67,Preeti,Dehradun,Sahastradhara
68,Deepak,Agra,Sikandra Road
69,Swati,Varanasi,Sigra Road
70,Vikas,Gaya,AP Colony
71,Ritu,Jamshedpur,Bistupur
72,Manish,Kanpur,Swaroop Nagar
73,Saurabh,Noida,Sector 62
74,Shalini,Gurgaon,Golf Course
75,Akash,Mysore,Kuvempunagar
76,Deepika,Kochi,Kakkanad
77,Nitin,Coimbatore,RS Puram
78,Sonam,Nashik,Gangapur Road
79,Rajesh,Indore,AB Road
80,Monika,Raipur,Shankar Nagar
81,Sumit,Ajmer,Vaishali Nagar
82,Neel,Mathura,Dampier Nagar
83,Anjali,Aligarh,Civil Lines
84,Harshit,Madurai,Anna Nagar
85,Riya,Vadodara,Gotri Road
86,Varsha,Meerut,Shastri Nagar
87,Rohit,Patiala,Urban Estate
88,Divya,Shimla,Sanjauli Road
89,Mohit,Haridwar,Jwalapur
90,Payal,Muzaffarpur,Mithanpura
91,Manish,Bhagalpur,Nathnagar
92,Rashmi,Darbhanga,Donar Road
93,Akshay,Purnia,Khushki Bagh
94,Pankaj,Katihar,Mirchaibari
95,Shubham,Siliguri,Hill Cart
96,Nidhi,Guwahati,Zoo Road
97,Rajendra,Bengaluru,Whitefield
98,Neelam,Mumbai,Powai Road
99,Sameer,Delhi,Karol Bagh
100,Sonu,Patna,Kankarbagh
